Date,Heure / Time,Vélos depuis le 1er janvier / Grand total,Vélos ce jour / Today's total,,Remarque
,,,,,
,,,,,
12/03/2020,11:05:00,109,109,,
12/03/2020,14:30:00,441,441,,
13/03/2020,10:02:00,1921,385,,
13/03/2020,14:15:00,2305,769,,
13/03/2020,18:21:00,2822,1286,,
13/03/2020,18:25:00,2834,1298,,
14/03/2020,16:26:43,3951,642,,estimation
15/03/2020,09:05:50,4492,50,,
15/03/2020,09:53:00,4512,70,,
15/03/2020,11:25:00,4567,125,,
15/03/2020,14:25:00,4710,268,,
15/03/2020,15:37:00,4825,383,,
15/03/2020,20:30:00,5008,566,,
16/03/2020,06:57:00,5097,14,,
16/03/2020,08:12:00,5157,74,,
16/03/2020,08:24:00,5176,93,,
16/03/2020,11:19:00,5348,265,,
16/03/2020,17:42:00,5748,665,,
16/03/2020,18:12:00,5788,705,,
16/03/2020,18:53:00,5836,753,,
16/03/2020,21:14:00,5958,875,,
16/03/2020,22:15:00,6010,927,,
17/03/2020,08:00:00,6069,40,,
17/03/2020,08:39:00,6109,80,,
17/03/2020,08:51:00,6129,100,,
17/03/2020,10:50:00,6216,187,,
17/03/2020,11:02:00,6229,200,,
17/03/2020,11:18:00,6249,220,,
17/03/2020,11:41:00,6286,257,,
17/03/2020,12:10:00,6319,290,,
17/03/2020,15:28:00,6401,372,,
17/03/2020,19:22:00,6539,510,,
18/03/2020,08:01:00,6614,26,,
18/03/2020,12:12:00,6729,141,,
18/03/2020,19:30:00,7052,464,,
18/03/2020,19:52:00,7064,476,,
18/03/2020,20:07:00,7078,490,,
18/03/2020,22:00:00,7188,600,,
19/03/2020,07:33:00,7208,12,,
19/03/2020,13:32:00,7380,184,,
19/03/2020,19:05:00,7592,396,,
19/03/2020,19:16:00,7601,405,,
19/03/2020,19:34:00,7612,416,,
20/03/2020,08:03:00,7689,23,,
20/03/2020,15:18:00,7851,185,,
20/03/2020,18:41:00,7953,287,,
20/03/2020,19:04:00,7966,300,,
21/03/2020,12:00:00,8106,78,,
21/03/2020,20:04:00,8258,230,,
22/03/2020,10:18:00,8317,21,,
22/03/2020,15:34:00,8380,84,,
22/03/2020,18:46:00,8432,136,,
23/03/2020,08:14:00,8517,45,,
23/03/2020,14:55:00,8648,176,,
23/03/2020,15:49:00,8664,192,,
23/03/2020,17:36:00,8705,233,,
23/03/2020,19:42:00,8778,306,,
24/03/2020,07:47:00,8826,20,,
24/03/2020,09:11:00,8864,58,,
24/03/2020,17:07:00,8989,183,,
24/03/2020,18:15:00,9018,212,,
24/03/2020,19:05:00,9047,241,,
25/03/2020,08:27:00,9136,38,,
25/03/2020,16:41:00,9298,200,,
25/03/2020,18:17:00,9344,246,,
25/03/2020,18:34:00,9356,258,,
25/03/2020,18:52:00,9362,264,,
25/03/2020,19:33:00,9385,287,,
26/03/2020,07:59:00,9432,16,,
26/03/2020,16:39:00,9592,176,,
26/03/2020,19:08:00,9687,271,,
26/03/2020,19:22:00,9694,278,,
26/03/2020,20:01:00,9713,297,,
26/03/2020,20:12:00,9720,304,,
27/03/2020,08:43:00,9795,44,,
27/03/2020,16:46:00,9963,212,,
27/03/2020,17:06:00,9977,226,,
27/03/2020,17:31:00,9990,239,,
27/03/2020,17:35:00,9992,241,,
27/03/2020,17:41:00,9999,248,,
27/03/2020,17:57:00,10008,257,,
27/03/2020,18:12:00,10016,265,,
27/03/2020,19:36:00,10075,324,,
28/03/2020,08:42:00,10122,13,,
28/03/2020,13:43:00,10218,109,,
28/03/2020,16:52:00,10274,165,,
28/03/2020,19:12:00,10325,216,,
28/03/2020,19:16:00,10327,218,,
28/03/2020,19:50:00,10340,231,,
29/03/2020,15:41:00,10441,73,,
29/03/2020,20:12:00,10515,147,,
30/03/2020,08:25:00,10567,33,,
30/03/2020,13:47:00,10665,131,,
30/03/2020,15:47:00,10715,181,,
30/03/2020,18:18:00,10797,263,,
31/03/2020,08:41:00,10938,47,,
31/03/2020,10:34:00,10970,79,,
31/03/2020,19:07:00,11162,271,,
31/03/2020,19:24:00,11173,282,,
01/04/2020,18:10:00,11462,237,,
01/04/2020,19:04:00,11494,269,,
02/04/2020,08:40:00,11599,44,,
02/04/2020,12:34:00,11675,120,,
02/04/2020,13:58:00,11700,145,,
02/04/2020,14:50:00,11718,163,,
02/04/2020,16:00:00,11767,212,,
02/04/2020,18:57:00,11855,300,,
02/04/2020,19:14:00,11868,313,,
03/04/2020,09:44:00,12009,80,,
03/04/2020,17:27:00,12178,249,,
03/04/2020,19:53:00,12292,363,,
04/04/2020,11:55:00,12404,78,,
04/04/2020,14:26:00,12452,126,,
04/04/2020,18:51:00,12567,241,,
04/04/2020,19:37:00,12599,273,,
05/04/2020,10:53:00,12663,30,,
05/04/2020,12:59:00,12698,65,,
05/04/2020,17:29:00,12748,115,,
05/04/2020,22:06:00,12836,203,,
06/04/2020,06:28:00,12845,7,,
06/04/2020,08:11:00,12866,28,,
06/04/2020,11:27:00,12932,94,,
06/04/2020,17:58:00,13111,273,,
06/04/2020,19:10:00,13152,314,,
07/04/2020,08:15:00,13256,30,,
07/04/2020,11:57:00,13346,120,,
07/04/2020,12:46:00,13368,142,,
07/04/2020,13:23:00,13379,153,,
07/04/2020,18:19:00,13521,295,,
08/04/2020,08:18:00,13644,35,,
08/04/2020,12:29:00,13743,134,,
08/04/2020,13:54:00,13780,171,,
08/04/2020,17:31:00,13858,249,,
08/04/2020,18:26:00,13897,288,,
08/04/2020,20:49:00,13990,381,,
09/04/2020,08:23:00,14038,38,,
09/04/2020,11:33:00,14098,98,,
09/04/2020,17:55:00,14275,275,,
09/04/2020,18:58:00,14327,327,,
09/04/2020,19:20:00,14345,345,,
10/04/2020,18:07:00,14714,308,,
11/04/2020,09:50:00,14854,28,,
11/04/2020,11:28:00,14886,60,,
11/04/2020,16:30:00,14984,158,,
11/04/2020,18:27:00,15047,221,,
11/04/2020,20:28:00,15101,275,,
12/04/2020,10:11:00,15152,33,,
12/04/2020,12:28:00,15196,77,,
12/04/2020,12:42:00,15200,81,,
12/04/2020,18:10:00,15286,167,,
13/04/2020,12:28:00,15425,67,,
13/04/2020,18:16:00,15497,139,,
14/04/2020,07:39:00,15555,11,,
14/04/2020,10:27:00,15626,82,,
14/04/2020,11:16:00,15642,98,,
14/04/2020,19:53:00,15917,373,,
14/04/2020,19:58:00,15920,376,,
15/04/2020,13:24:00,16117,159,,
15/04/2020,18:42:00,16271,313,,
15/04/2020,19:25:00,16302,344,,
15/04/2020,20:07:00,16333,375,,
16/04/2020,08:26:00,16404,44,,
16/04/2020,11:32:00,16492,132,,
16/04/2020,14:21:00,16562,202,,
16/04/2020,20:57:00,16776,416,,
17/04/2020,09:35:00,16867,81,,
17/04/2020,09:41:00,16869,83,,
17/04/2020,14:49:00,17002,216,,
17/04/2020,19:04:00,17143,357,,
17/04/2020,20:36:00,17205,419,,
18/04/2020,09:17:00,17254,23,,
18/04/2020,11:22:00,17298,67,,
18/04/2020,12:50:00,17342,111,,
18/04/2020,20:52:00,17555,324,,
18/04/2020,21:22:00,17563,332,,
19/04/2020,10:45:00,17593,24,,
19/04/2020,11:10:00,17596,27,,
19/04/2020,20:13:00,17711,142,,
20/04/2020,12:24:00,17796,73,,
20/04/2020,14:41:00,17833,110,,
20/04/2020,16:21:00,17850,127,,
20/04/2020,16:41:00,17852,129,,
20/04/2020,18:27:00,17887,164,,
20/04/2020,19:28:00,17902,179,,
21/04/2020,07:29:00,17938,6,,
21/04/2020,12:43:00,17997,65,,
21/04/2020,18:30:00,18058,126,,
21/04/2020,20:30:00,18108,176,,
22/04/2020,13:48:00,18214,98,,
22/04/2020,14:20:00,18229,113,,
22/04/2020,15:19:00,18255,139,,
22/04/2020,18:29:00,18349,233,,
22/04/2020,20:56:00,18405,289,,
22/04/2020,21:24:00,18408,292,,
23/04/2020,08:30:00,18450,36,,
23/04/2020,11:41:00,18515,101,,
23/04/2020,11:42:00,18516,102,,
23/04/2020,19:47:00,18839,425,,
23/04/2020,,18840,426,,
24/04/2020,12:58:00,19091,171,,
24/04/2020,14:04:00,19126,206,,
24/04/2020,20:00:00,19373,453,,
24/04/2020,20:33:00,19390,470,,
25/04/2020,09:48:00,19455,37,,
25/04/2020,12:46:00,19531,113,,
25/04/2020,12:49:00,19539,121,,
25/04/2020,14:30:00,19579,161,,
25/04/2020,19:39:00,19744,326,,
25/04/2020,20:32:00,19781,363,,
25/04/2020,20:42:00,19786,368,,
25/04/2020,21:23:00,19801,383,,
26/04/2020,11:00:00,19871,50,,
26/04/2020,13:07:00,19917,96,,
26/04/2020,13:56:00,19942,121,,
26/04/2020,15:43:00,19984,163,,
26/04/2020,21:06:00,20149,328,,
27/04/2020,06:31:00,20175,8,,
27/04/2020,11:53:00,20278,111,,
27/04/2020,12:54:00,20297,130,,
27/04/2020,18:57:00,20503,336,,
28/04/2020,10:48:00,20663,81,,
28/04/2020,18:34:00,20926,344,,
28/04/2020,21:28:00,21021,439,,
29/04/2020,11:17:00,21152,122,,
29/04/2020,20:09:00,21526,496,,
30/04/2020,08:40:00,21647,56,,
30/04/2020,11:29:00,21717,126,,
30/04/2020,13:30:00,21776,185,,
30/04/2020,15:45:00,21846,255,,
30/04/2020,16:13:00,21862,271,,
30/04/2020,18:17:00,21947,356,,
30/04/2020,19:10:00,21987,396,,
30/04/2020,20:19:00,22040,449,,
01/05/2020,05:06:00,22088,1,,
01/05/2020,06:42:00,22094,7,,
01/05/2020,07:40:00,22100,13,,
01/05/2020,14:30:00,22246,159,,
02/05/2020,09:31:00,22546,39,,
02/05/2020,13:54:00,22708,201,,
02/05/2020,21:54:00,23017,510,,
03/05/2020,11:19:00,23113,82,,
03/05/2020,16:18:00,23249,218,,
03/05/2020,19:32:00,23382,351,,
04/05/2020,09:56:00,23570,127,,
04/05/2020,13:33:00,23672,229,,
04/05/2020,19:20:00,23928,485,,
05/05/2020,07:27:00,24041,23,,
05/05/2020,09:55:00,24151,133,,
05/05/2020,13:48:00,24282,264,,
05/05/2020,14:09:00,24294,276,,
05/05/2020,17:59:00,24492,474,,
06/05/2020,08:26:00,24727,58,,
06/05/2020,11:28:00,24838,169,,
06/05/2020,19:52:00,25275,606,,
07/05/2020,18:16:00,25831,466,,
08/05/2020,09:24:00,26023,41,,
08/05/2020,09:44:00,26033,51,,
08/05/2020,12:32:00,26100,118,,
08/05/2020,19:48:00,26396,414,,
08/05/2020,22:25:00,26470,488,,
09/05/2020,11:59:00,26640,166,,
09/05/2020,18:44:00,26860,386,,
10/05/2020,08:14:00,27009,30,,
10/05/2020,10:12:00,27026,47,,
10/05/2020,15:20:00,27059,80,,
10/05/2020,18:58:00,27078,99,,
10/05/2020,20:03:00,27092,113,,
11/05/2020,06:36:00,27130,9,,
11/05/2020,10:28:00,27230,109,,
11/05/2020,10:55:00,27239,118,,
11/05/2020,13:22:00,27284,163,,
11/05/2020,13:51:00,27290,169,,
11/05/2020,19:25:00,27508,387,,
11/05/2020,20:04:00,27541,420,,
11/05/2020,20:57:00,27572,451,,
11/05/2020,21:08:00,27574,453,,
12/05/2020,08:37:00,27697,96,,
12/05/2020,11:07:00,27814,213,,
12/05/2020,19:09:00,28489,888,,
12/05/2020,20:00:00,28577,976,,
12/05/2020,20:32:00,28601,1000,,
12/05/2020,21:09:00,28620,1019,,
12/05/2020,21:56:00,28645,1044,,
13/05/2020,05:04:00,28708,9,,
13/05/2020,05:25:00,28719,20,,
13/05/2020,11:02:00,28901,202,,
13/05/2020,12:08:00,28958,259,,
13/05/2020,16:49:00,29215,516,,
13/05/2020,18:02:00,29299,600,,
13/05/2020,18:18:00,29321,622,,
13/05/2020,18:46:00,29361,662,,
13/05/2020,19:20:00,29407,708,,
13/05/2020,20:02:00,29445,746,,
14/05/2020,09:14:00,29704,139,,
14/05/2020,14:29:00,30000,435,,
14/05/2020,18:36:00,30321,756,,
14/05/2020,19:07:00,30341,776,,
14/05/2020,19:20:00,30357,792,,
15/05/2020,13:05:00,30763,345,,
15/05/2020,16:51:00,31014,596,,
15/05/2020,19:29:00,31332,914,,
15/05/2020,21:58:00,31482,1064,,
16/05/2020,10:30:00,31668,122,,
16/05/2020,13:11:00,31854,308,,
16/05/2020,16:20:00,32048,502,,
16/05/2020,23:46:00,32394,848,,
17/05/2020,06:31:00,32436,24,,
17/05/2020,13:30:00,32724,312,,
17/05/2020,17:35:00,33037,625,,
17/05/2020,21:18:00,33320,908,,
17/05/2020,22:01:00,33343,931,,
18/05/2020,06:31:00,33389,8,,
18/05/2020,11:54:00,33702,321,,
18/05/2020,12:44:00,33745,364,,
18/05/2020,17:58:00,34148,767,,
18/05/2020,18:17:00,34185,804,,
18/05/2020,19:48:00,34356,975,,
18/05/2020,20:13:00,34382,1001,,
18/05/2020,22:29:00,34471,1090,,
19/05/2020,04:54:00,34511,7,,
19/05/2020,04:58:00,34512,8,,
19/05/2020,09:25:00,34742,238,,
19/05/2020,12:50:00,34966,462,,
19/05/2020,18:31:00,35525,1021,,
19/05/2020,19:46:00,35669,1165,,
19/05/2020,22:08:00,35807,1303,,
20/05/2020,06:25:00,35891,11,,
20/05/2020,21:40:00,37059,1179,,
20/05/2020,23:25:00,37114,1234,,
21/05/2020,06:36:00,37188,22,,
21/05/2020,11:13:00,37369,203,,
21/05/2020,19:55:00,37954,788,,
21/05/2020,20:11:00,37974,808,,
22/05/2020,07:40:00,38194,42,,
22/05/2020,20:02:00,39059,907,,
23/05/2020,06:54:00,39288,26,,
23/05/2020,12:34:00,39558,296,,
23/05/2020,18:01:00,39880,618,,
23/05/2020,19:10:00,39965,703,,
23/05/2020,19:56:00,40017,755,,
24/05/2020,06:40:00,40206,23,,
24/05/2020,08:24:00,40219,36,,
24/05/2020,12:04:00,40399,216,,
24/05/2020,21:47:00,40867,684,,
25/05/2020,06:28:00,40953,17,,
25/05/2020,12:56:00,41340,404,,
25/05/2020,13:30:00,41389,453,,
25/05/2020,18:56:00,41882,946,,
25/05/2020,21:09:00,42043,1107,,
26/05/2020,05:55:00,42153,14,,
26/05/2020,17:53:00,43044,905,,
26/05/2020,21:57:00,43427,1288,,
27/05/2020,12:10:00,43900,378,,
27/05/2020,12:30:00,44103,581,,
27/05/2020,21:04:00,44741,1219,,
28/05/2020,07:22:00,44906,40,,
28/05/2020,08:32:00,45011,145,,
28/05/2020,09:16:00,45108,242,,
28/05/2020,14:39:00,45477,611,,
28/05/2020,16:35:00,45634,768,,
28/05/2020,20:32:00,46185,1319,,
28/05/2020,20:54:00,46220,1354,,
28/05/2020,23:56:00,46354,1488,,
29/05/2020,17:01:00,47250,895,,
29/05/2020,19:33:00,47538,1183,,
30/05/2020,10:57:00,48028,228,,
30/05/2020,11:42:00,48081,281,,
30/05/2020,15:45:00,48360,560,,
30/05/2020,16:47:00,48454,654,,
30/05/2020,17:35:00,48520,720,,
30/05/2020,17:39:00,48522,722,,
30/05/2020,18:41:00,48613,813,,
31/05/2020,12:18:00,49198,288,,
31/05/2020,17:43:00,49465,555,,
31/05/2020,21:09:00,49684,774,,
01/06/2020,07:05:00,49810,44,,
01/06/2020,08:16:00,49826,60,,
01/06/2020,12:35:00,50000,234,,
01/06/2020,13:34:00,50033,267,,
02/06/2020,12:55:00,51139,533,,
02/06/2020,13:01:00,51145,539,,
02/06/2020,18:26:00,51743,1137,,
02/06/2020,19:13:00,51871,1265,,
02/06/2020,19:44:00,51945,1339,,
02/06/2020,22:45:00,52163,1557,,
03/06/2020,06:56:00,52307,94,,
03/06/2020,10:02:00,52577,364,,
03/06/2020,20:24:00,53613,1400,,
03/06/2020,21:23:00,53661,1448,,
04/06/2020,12:02:00,54016,290,,
04/06/2020,15:09:00,54216,490,,
04/06/2020,18:37:00,54570,844,,
04/06/2020,18:57:00,54599,873,,
05/06/2020,16:35:00,55729,800,,
05/06/2020,19:37:00,56129,1200,,
06/06/2020,07:16:00,56516,122,,
06/06/2020,13:14:00,56840,446,,
06/06/2020,15:43:00,57006,612,,
06/06/2020,16:49:00,57110,716,,
07/06/2020,07:33:00,57638,42,,
07/06/2020,16:08:00,57918,322,,
07/06/2020,18:23:00,58050,454,,
08/06/2020,16:20:00,59176,862,,
08/06/2020,17:37:00,59329,1015,,
08/06/2020,19:03:00,59538,1224,,
08/06/2020,19:24:00,59593,1279,,
08/06/2020,19:38:00,59614,1300,,
08/06/2020,19:57:00,59648,1334,,
09/06/2020,05:25:00,59890,51,,
09/06/2020,06:40:00,59900,61,,
09/06/2020,10:47:00,60254,415,,
09/06/2020,15:43:00,60607,768,,
09/06/2020,17:10:00,60760,921,,
09/06/2020,17:26:00,60797,958,,
09/06/2020,17:36:00,60839,1000,,
10/06/2020,06:49:00,61342,44,,
10/06/2020,08:05:00,61418,120,,
10/06/2020,11:22:00,61715,417,,
10/06/2020,20:26:00,62686,1388,,
10/06/2020,21:02:00,62739,1441,,
10/06/2020,22:12:00,62795,1497,,
10/06/2020,23:53:00,62867,1569,,
11/06/2020,07:45:00,62978,109,,
11/06/2020,18:20:00,64004,1135,,
11/06/2020,19:40:00,64173,1304,,
12/06/2020,13:29:00,64623,272,,
12/06/2020,13:45:00,64632,281,,
12/06/2020,16:11:00,64747,396,,
12/06/2020,17:48:00,64846,495,,
13/06/2020,10:32:00,65366,163,,
13/06/2020,11:30:00,65410,207,,
13/06/2020,18:40:00,65859,656,,
13/06/2020,18:48:00,65871,668,,
14/06/2020,06:08:00,66301,111,,
14/06/2020,09:15:00,66355,165,,
14/06/2020,12:08:00,66541,351,,
14/06/2020,14:16:00,66666,476,,
14/06/2020,14:17:00,66668,478,,
15/06/2020,06:51:00,67209,44,,
15/06/2020,20:35:00,68561,1396,,
15/06/2020,21:08:00,68609,1444,,
15/06/2020,21:41:00,68668,1503,,
15/06/2020,22:20:00,68700,1535,,
15/06/2020,23:59:00,68797,1632,,
16/06/2020,00:01:00,68797,0,,
16/06/2020,10:11:00,69239,442,,
16/06/2020,15:39:00,69834,1037,,
16/06/2020,18:09:00,70158,1361,,
16/06/2020,19:00:00,70296,1499,,
16/06/2020,19:25:00,70361,1564,,
16/06/2020,19:36:00,70397,1600,,
16/06/2020,21:53:00,70597,1800,,
16/06/2020,22:29:00,70627,1830,,
16/06/2020,23:24:00,70666,1869,,
16/06/2020,23:59:00,70695,1898,,
17/06/2020,08:07:00,70867,172,,
17/06/2020,10:19:00,71138,443,,
17/06/2020,12:32:00,71333,638,,
17/06/2020,16:55:00,71732,1037,,
17/06/2020,18:24:00,71971,1276,,
17/06/2020,18:45:00,72055,1360,,
17/06/2020,19:04:00,72117,1422,,
17/06/2020,19:50:00,72217,1522,,
17/06/2020,22:11:00,72383,1688,,
18/06/2020,06:24:00,72516,66,,
18/06/2020,07:05:00,72544,94,,
18/06/2020,11:13:00,72970,520,,
18/06/2020,15:26:00,73336,886,,
18/06/2020,18:22:00,73716,1266,,
18/06/2020,19:20:00,73860,1410,,
18/06/2020,20:26:00,74002,1552,,
18/06/2020,20:41:00,74035,1585,,
19/06/2020,13:01:00,74808,615,,
19/06/2020,16:33:00,75138,945,,
19/06/2020,18:19:00,75351,1158,,
19/06/2020,18:33:00,75378,1185,,
19/06/2020,18:45:00,75411,1218,,
20/06/2020,10:37:00,76038,228,,
20/06/2020,10:50:00,76049,239,,
20/06/2020,19:45:00,76641,831,,
21/06/2020,08:20:00,77014,122,,
21/06/2020,14:55:00,77306,414,,
21/06/2020,16:17:00,77364,472,,
21/06/2020,22:29:00,77707,815,,
22/06/2020,07:34:00,77851,106,,
22/06/2020,10:30:00,78203,458,,
22/06/2020,12:00:00,78309,564,,
22/06/2020,12:30:00,78352,607,,
22/06/2020,18:22:00,78922,1177,,
22/06/2020,19:06:00,79046,1301,,
22/06/2020,21:02:00,79251,1506,,
23/06/2020,04:58:00,79422,38,,
23/06/2020,08:23:00,79592,208,,
23/06/2020,18:44:00,80732,1348,,
24/06/2020,02:54:00,81193,42,,
24/06/2020,09:00:00,81457,306,,
24/06/2020,10:46:00,81616,465,,
24/06/2020,19:27:00,82479,1328,,
24/06/2020,21:02:00,82629,1478,,
24/06/2020,21:41:00,82677,1526,,
24/06/2020,22:09:00,82709,1558,,
25/06/2020,15:02:00,83660,858,,
25/06/2020,20:06:00,84364,1562,,
25/06/2020,20:40:00,84415,1613,,
25/06/2020,20:50:00,84435,1633,,
25/06/2020,22:38:00,84549,1747,,
26/06/2020,09:53:00,85049,447,,
26/06/2020,10:05:00,85064,462,,
26/06/2020,12:08:00,85203,601,,
26/06/2020,18:12:00,85851,1249,,
26/06/2020,18:34:00,85900,1298,,
26/06/2020,21:00:00,86174,1572,,
26/06/2020,22:40:00,86280,1678,,
26/06/2020,23:29:00,86335,1733,,
27/06/2020,00:41:00,86368,17,,
27/06/2020,12:02:00,86682,331,,
27/06/2020,17:03:00,87011,660,,
27/06/2020,19:04:00,87178,827,,
27/06/2020,23:44:00,87431,1080,,
28/06/2020,00:00:00,87438,1,,
28/06/2020,14:43:00,87899,462,,
28/06/2020,17:42:00,88054,617,,
28/06/2020,19:07:00,88155,718,,
29/06/2020,07:40:00,88482,102,,
29/06/2020,09:03:00,88703,323,,
29/06/2020,11:57:00,88888,508,,
29/06/2020,18:35:00,89551,1171,,
29/06/2020,18:52:00,89601,1221,,
29/06/2020,22:02:00,89887,1507,,
30/06/2020,09:21:00,90412,444,,
30/06/2020,12:06:00,90660,692,,
30/06/2020,12:09:00,90668,700,,
30/06/2020,12:30:00,90708,740,,
30/06/2020,18:47:00,91445,1477,,
30/06/2020,18:55:00,91468,1500,,
30/06/2020,19:03:00,91490,1522,,
30/06/2020,21:35:00,91755,1787,,
30/06/2020,21:53:00,91769,1801,,
30/06/2020,22:02:00,91772,1804,,
01/07/2020,06:34:00,91976,95,,
01/07/2020,07:00:00,91983,102,,
01/07/2020,16:20:00,92831,950,,
01/07/2020,17:45:00,93021,1140,,
01/07/2020,18:02:00,93094,1213,,
01/07/2020,18:09:00,93113,1232,,
01/07/2020,18:13:00,93121,1240,,
01/07/2020,18:47:00,93221,1340,,
01/07/2020,22:13:00,93521,1640,,
01/07/2020,23:21:00,93581,1700,,
02/07/2020,06:30:00,93673,71,,
02/07/2020,07:15:00,93695,93,,
02/07/2020,09:00:00,93956,354,,
02/07/2020,09:21:00,94006,404,,
02/07/2020,14:07:00,94396,794,,
02/07/2020,14:30:00,94422,820,,
02/07/2020,17:04:00,94671,1069,,
02/07/2020,21:33:00,95304,1702,,
02/07/2020,23:03:00,95383,1781,,
02/07/2020,23:10:00,95400,1798,,
02/07/2020,23:15:00,95412,1810,,
02/07/2020,23:31:00,95424,1822,,
03/07/2020,01:52:00,95481,44,,
03/07/2020,08:21:00,95639,202,,
03/07/2020,09:08:00,95773,336,,
03/07/2020,09:17:00,95792,355,,
03/07/2020,11:42:00,95986,549,,
03/07/2020,12:22:00,96057,620,,
03/07/2020,13:56:00,96196,759,,
03/07/2020,14:01:00,96204,767,,
03/07/2020,15:21:00,96313,876,,
03/07/2020,18:21:00,96688,1251,,
03/07/2020,18:55:00,96779,1342,,
03/07/2020,19:52:00,96910,1473,,
03/07/2020,20:54:00,97002,1565,,
03/07/2020,21:16:00,97019,1582,,
03/07/2020,21:34:00,97045,1608,,
03/07/2020,23:53:00,97141,1704,,
04/07/2020,06:09:00,97220,75,,
04/07/2020,09:30:00,97307,162,,
04/07/2020,11:09:00,97423,278,,
04/07/2020,11:54:00,97470,325,,
04/07/2020,13:01:00,97539,394,,
04/07/2020,13:15:00,97560,415,,
04/07/2020,14:00:00,97609,464,,
04/07/2020,17:12:00,97767,622,,
05/07/2020,02:24:00,98204,48,,
05/07/2020,07:28:00,98247,91,,
05/07/2020,07:45:00,98250,94,,
05/07/2020,09:41:00,98306,150,,
05/07/2020,13:04:00,98453,297,,
05/07/2020,16:58:00,98581,425,,
05/07/2020,18:04:00,98632,476,,
05/07/2020,18:45:00,98677,521,,
05/07/2020,19:57:00,98745,589,,
06/07/2020,06:09:00,98984,98,,
06/07/2020,06:44:00,99000,114,,
06/07/2020,07:56:00,99063,177,,
06/07/2020,08:14:00,99104,218,,
06/07/2020,11:45:00,99445,559,,
06/07/2020,15:25:00,99671,785,,
06/07/2020,15:30:00,99681,795,,
06/07/2020,16:27:00,99741,855,,
06/07/2020,16:39:00,99762,876,,
06/07/2020,16:58:00,99792,906,,
06/07/2020,18:12:00,100000,1114,,
06/07/2020,18:45:00,100083,1197,,
06/07/2020,18:53:00,100111,1225,,
06/07/2020,19:11:00,100162,1276,,
07/07/2020,06:18:00,100551,65,,
07/07/2020,08:46:00,100800,314,,
07/07/2020,15:52:00,101386,900,,
07/07/2020,19:41:00,101973,1487,,
08/07/2020,08:16:00,102534,238,,
08/07/2020,09:33:00,102763,467,,
08/07/2020,18:53:00,103650,1354,,
08/07/2020,21:46:00,103944,1648,,
09/07/2020,00:06:00,104052,1,,
09/07/2020,08:15:00,104240,189,,
09/07/2020,08:35:00,104322,271,,
09/07/2020,11:12:00,104574,523,,
09/07/2020,16:30:00,104945,894,,
10/07/2020,16:21:00,106534,835,,
10/07/2020,20:40:00,107052,1353,,
10/07/2020,21:10:00,107087,1388,,
10/07/2020,22:13:00,107152,1453,,
11/07/2020,05:32:00,107297,59,,
11/07/2020,11:36:00,107490,252,,
11/07/2020,11:57:00,107511,273,,
11/07/2020,17:09:00,107751,513,,
12/07/2020,11:02:00,108324,214,,
12/07/2020,20:19:00,108677,567,,
12/07/2020,21:01:00,108714,604,,
13/07/2020,08:24:00,108934,133,,
13/07/2020,17:07:00,109444,643,,
13/07/2020,18:09:00,109533,732,,
14/07/2020,12:15:00,110183,280,,
14/07/2020,20:18:00,110617,714,,
15/07/2020,08:33:00,111019,235,,
15/07/2020,10:34:00,111172,388,,
15/07/2020,19:08:00,112004,1220,,
15/07/2020,19:45:00,112129,1345,,
15/07/2020,21:24:00,112265,1481,,
16/07/2020,08:32:00,112591,222,,
16/07/2020,10:01:00,112797,428,,
16/07/2020,11:30:00,112902,533,,
16/07/2020,18:16:00,113505,1136,,
16/07/2020,20:44:00,113837,1468,,
17/07/2020,08:55:00,114273,279,,
17/07/2020,18:28:00,115140,1146,,
17/07/2020,21:00:00,115395,1401,,
18/07/2020,13:10:00,115905,384,,
18/07/2020,18:18:00,116156,635,,
18/07/2020,18:58:00,116214,693,,
19/07/2020,06:45:00,116521,70,,
19/07/2020,07:31:00,116529,78,,
19/07/2020,15:38:00,116833,382,,
19/07/2020,18:29:00,116950,499,,
19/07/2020,23:34:00,117209,758,,
20/07/2020,12:25:00,117692,469,,
20/07/2020,13:03:00,117722,499,,
20/07/2020,17:23:00,118002,779,,
20/07/2020,21:49:00,118523,1300,,
21/07/2020,08:20:00,118739,148,,
21/07/2020,19:21:00,119877,1286,,
22/07/2020,19:15:00,121329,1183,,
23/07/2020,11:32:00,122090,450,,
23/07/2020,23:40:00,122916,1276,,
24/07/2020,14:40:00,123512,589,,
24/07/2020,19:24:00,124002,1079,,
25/07/2020,06:28:00,124362,88,,
25/07/2020,21:18:00,125067,793,,
26/07/2020,16:38:00,125552,378,,
27/07/2020,14:24:00,126440,538,,
28/07/2020,10:13:00,127500,335,,
28/07/2020,11:59:00,127594,429,,
29/07/2020,12:01:00,129025,475,,
30/07/2020,08:38:00,130153,225,,
30/07/2020,19:34:00,130959,1031,,
31/07/2020,08:43:00,131426,201,,
31/07/2020,11:38:00,131639,414,,
31/07/2020,19:01:00,132158,933,,
31/07/2020,19:08:00,132176,951,,
01/08/2020,00:57:00,132497,24,,
01/08/2020,11:48:00,132707,234,,
01/08/2020,12:31:00,132730,257,,
01/08/2020,17:00:00,132864,391,,
02/08/2020,05:51:00,133204,65,,
03/08/2020,08:42:00,133993,176,,
03/08/2020,22:37:00,134877,1060,,
04/08/2020,07:18:00,134993,57,,
04/08/2020,18:02:00,135700,764,,
04/08/2020,20:20:00,135941,1005,,
05/08/2020,08:35:00,136293,170,,
06/08/2020,08:37:00,137446,136,,
07/08/2020,08:28:00,138607,170,,
07/08/2020,20:25:00,139461,1024,,
07/08/2020,21:09:00,139510,1073,,
07/08/2020,22:17:00,139563,1126,,
08/08/2020,16:25:00,140082,451,,
09/08/2020,05:42:00,140522,71,,
09/08/2020,10:00:00,140614,163,,
09/08/2020,12:29:00,140723,272,,
09/08/2020,21:33:00,141064,613,,
10/08/2020,08:32:00,141254,113,,
10/08/2020,14:30:00,141565,424,,
11/08/2020,08:51:00,142362,189,,
12/08/2020,08:35:00,143454,158,,
12/08/2020,14:03:00,143769,473,,
12/08/2020,17:20:00,143973,677,,
13/08/2020,08:53:00,144619,178,,
13/08/2020,10:19:00,144703,262,,
14/08/2020,08:23:00,145694,155,,
14/08/2020,19:17:00,146335,796,,
15/08/2020,12:16:00,146807,251,,
16/08/2020,02:07:00,147401,61,,
17/08/2020,08:29:00,148117,118,,
17/08/2020,17:24:00,148657,658,,
17/08/2020,21:08:00,148999,1000,,
17/08/2020,22:33:00,149049,1050,,
18/08/2020,08:19:00,149190,104,,
18/08/2020,11:04:00,149417,331,,
18/08/2020,18:39:00,150000,914,,
19/08/2020,12:17:00,150791,426,,
20/08/2020,07:06:00,151705,72,,
20/08/2020,08:00:00,151737,104,,
20/08/2020,17:20:00,152337,704,,
21/08/2020,01:01:00,152844,30,,
21/08/2020,23:54:00,154006,1192,,
22/08/2020,18:32:00,154494,486,,
23/08/2020,06:33:00,154821,64,,
23/08/2020,10:47:00,154916,159,,
24/08/2020,22:18:00,156779,1292,,
25/08/2020,08:50:00,157093,254,,
25/08/2020,09:48:00,157214,375,,
25/08/2020,11:20:00,157324,485,,
25/08/2020,18:14:00,157870,1031,,
25/08/2020,18:38:00,157939,1100,,
25/08/2020,22:48:00,158269,1430,,
26/08/2020,13:30:00,158957,646,,
26/08/2020,17:21:00,159275,964,,
26/08/2020,18:14:00,159418,1107,,
27/08/2020,09:52:00,160199,364,,
27/08/2020,10:20:00,160241,406,,
27/08/2020,17:49:00,160826,991,,
27/08/2020,19:13:00,161034,1199,,
27/08/2020,23:27:00,161307,1472,,
28/08/2020,09:38:00,161635,317,,
29/08/2020,15:20:00,162839,320,,
30/08/2020,17:33:00,163892,534,,
31/08/2020,16:30:00,165171,949,,
31/08/2020,18:17:00,165463,1241,,
31/08/2020,20:13:00,165746,1524,,
31/08/2020,21:47:00,165837,1615,,
01/09/2020,07:22:00,165986,66,,
01/09/2020,07:30:00,165998,78,,
01/09/2020,09:03:00,166305,385,,
01/09/2020,12:43:00,166677,757,,
01/09/2020,17:26:00,167214,1294,,
01/09/2020,17:41:00,167265,1345,,
01/09/2020,19:16:00,167590,1670,,
01/09/2020,19:25:00,167626,1706,,
01/09/2020,20:33:00,167755,1835,,
02/09/2020,02:44:00,167952,44,,
02/09/2020,09:27:00,168330,422,,
02/09/2020,15:11:00,168891,983,,
02/09/2020,18:54:00,169482,1574,,
02/09/2020,20:39:00,169723,1815,,
03/09/2020,07:15:00,169952,83,,
03/09/2020,07:45:00,170019,150,,
03/09/2020,09:27:00,170373,504,,
03/09/2020,18:55:00,171528,1659,,
03/09/2020,20:55:00,171803,1934,,
03/09/2020,21:33:00,171845,1976,,
03/09/2020,22:00:00,171869,2000,,
03/09/2020,23:15:00,171938,2069,,
03/09/2020,23:33:00,171954,2085,,
04/09/2020,09:21:00,172491,514,,
04/09/2020,18:43:00,173555,1578,,
04/09/2020,19:00:00,173596,1619,,
04/09/2020,19:51:00,173700,1723,,
04/09/2020,22:11:00,173892,1915,,
05/09/2020,10:31:00,174192,232,,
05/09/2020,13:38:00,174427,467,,
05/09/2020,19:30:00,174910,950,,
05/09/2020,21:13:00,175046,1086,,
06/09/2020,06:31:00,175255,89,,
06/09/2020,08:38:00,175287,121,,
06/09/2020,11:44:00,175448,282,,
07/09/2020,08:31:00,176491,317,,
07/09/2020,09:27:00,176692,518,,
07/09/2020,16:11:00,177387,1213,,
07/09/2020,18:02:00,177818,1644,,
07/09/2020,18:14:00,177864,1690,,
07/09/2020,18:53:00,178037,1863,,
07/09/2020,19:38:00,178170,1996,,
07/09/2020,20:30:00,178264,2090,,
07/09/2020,20:42:00,178291,2117,,
07/09/2020,21:39:00,178348,2174,,
08/09/2020,09:46:00,178994,571,,
08/09/2020,13:27:00,179350,927,,
08/09/2020,13:31:00,179355,932,,
08/09/2020,18:20:00,180120,1697,,
08/09/2020,18:46:00,180217,1794,,
08/09/2020,19:09:00,180321,1898,,
08/09/2020,19:42:00,180423,2000,,
08/09/2020,21:16:00,180604,2181,,
09/09/2020,09:19:00,181103,369,,
09/09/2020,10:36:00,181203,469,,
09/09/2020,15:01:00,181576,842,,
09/09/2020,20:00:00,182354,1620,,
09/09/2020,21:56:00,182491,1757,,
10/09/2020,11:52:00,183389,805,,
10/09/2020,19:24:00,184475,1891,,
10/09/2020,20:20:00,184584,2000,,
10/09/2020,22:50:00,184704,2120,,
11/09/2020,08:45:00,185158,399,,
11/09/2020,09:19:00,185256,497,,
11/09/2020,19:49:00,186599,1840,,
11/09/2020,19:52:00,186607,1848,,
11/09/2020,23:10:00,186828,2069,,
12/09/2020,00:23:00,186884,23,,
12/09/2020,09:08:00,187046,185,,
12/09/2020,13:50:00,187422,561,,
12/09/2020,23:24:00,188098,1237,,
13/09/2020,07:15:00,188214,107,,
13/09/2020,18:55:00,188741,634,,
13/09/2020,20:49:00,188881,774,,
14/09/2020,08:39:00,189344,362,,
14/09/2020,10:35:00,189657,675,,
14/09/2020,16:40:00,190274,1292,,
14/09/2020,18:49:00,190849,1867,,
14/09/2020,20:13:00,191113,2131,,
15/09/2020,09:48:00,191984,666,,
15/09/2020,13:40:00,192454,1136,,
15/09/2020,18:31:00,193332,2014,,
15/09/2020,18:53:00,193432,2114,,
15/09/2020,20:16:00,193703,2385,,
15/09/2020,20:47:00,193779,2461,,
15/09/2020,23:04:00,193922,2604,,
15/09/2020,23:08:00,193923,2605,,
16/09/2020,00:30:00,193962,15,,
16/09/2020,09:34:00,194533,586,,
16/09/2020,13:10:00,195041,1094,,
16/09/2020,15:27:00,195354,1407,,
16/09/2020,16:20:00,195460,1513,,
16/09/2020,18:18:00,195887,1940,,
16/09/2020,19:04:00,196111,2164,,
16/09/2020,19:21:00,196169,2222,,
16/09/2020,20:08:00,196265,2318,,
16/09/2020,21:55:00,196410,2463,,
17/09/2020,09:00:00,197012,524,,
17/09/2020,11:12:00,197281,793,,
17/09/2020,17:56:00,198315,1827,,
17/09/2020,18:35:00,198498,2010,,
17/09/2020,18:42:00,198538,2050,,
17/09/2020,21:38:00,198944,2456,,
18/09/2020,08:23:00,199392,327,,
18/09/2020,08:30:00,199425,360,,
18/09/2020,08:54:00,199569,504,,
18/09/2020,10:56:00,199816,751,,
18/09/2020,11:11:00,200000,935,,
18/09/2020,12:23:00,200144,1079,,
18/09/2020,14:02:00,200357,1292,,
18/09/2020,18:54:00,201187,2122,,
19/09/2020,12:19:00,201876,300,,
19/09/2020,15:14:00,202025,449,,
19/09/2020,15:47:00,202058,482,,
20/09/2020,00:54:00,202338,8,,
20/09/2020,07:56:00,202362,32,,
20/09/2020,08:03:00,202363,33,,
20/09/2020,09:52:00,202418,88,,
20/09/2020,20:00:00,203214,884,,
20/09/2020,22:00:00,203328,998,,
21/09/2020,16:39:00,204729,1342,,
21/09/2020,19:38:00,205438,2051,,
21/09/2020,20:59:00,205642,2255,,
21/09/2020,23:09:00,205769,2382,,
22/09/2020,08:23:00,206056,265,,
22/09/2020,08:45:00,206195,404,,
22/09/2020,22:23:00,207887,2096,,
23/09/2020,09:41:00,208485,555,,
23/09/2020,15:45:00,209290,1360,,
23/09/2020,17:49:00,209681,1751,,
24/09/2020,08:22:00,210751,319,,
24/09/2020,23:13:00,212823,2391,,
25/09/2020,17:58:00,214446,1596,,
25/09/2020,18:12:00,214483,1633,,
25/09/2020,18:42:00,214588,1738,,
26/09/2020,10:32:00,215245,210,,
26/09/2020,10:48:00,215266,231,,
26/09/2020,13:12:00,215457,422,,
27/09/2020,07:00:00,216116,73,,
27/09/2020,12:42:00,216300,257,,
27/09/2020,12:44:00,216301,258,,
27/09/2020,19:22:00,216578,535,,
28/09/2020,10:19:00,217233,530,,
28/09/2020,14:32:00,217631,928,,
28/09/2020,15:58:00,217739,1036,,
28/09/2020,16:46:00,217864,1161,,
28/09/2020,17:25:00,217984,1281,,
29/09/2020,00:16:00,218676,3,,
29/09/2020,06:57:00,218704,31,,
29/09/2020,07:46:00,218775,102,,
29/09/2020,09:08:00,219158,485,,
29/09/2020,13:07:00,219596,923,,
29/09/2020,18:23:00,220424,1751,,
29/09/2020,18:46:00,220606,1933,,
29/09/2020,21:00:00,220987,2314,,
30/09/2020,07:51:00,221268,133,,
30/09/2020,10:42:00,221789,654,,
30/09/2020,12:46:00,222043,908,,
30/09/2020,15:35:00,222445,1310,,
30/09/2020,17:25:00,222792,1657,,
30/09/2020,18:57:00,223224,2089,,
01/10/2020,09:52:00,224293,589,,
01/10/2020,11:32:00,224447,743,,
01/10/2020,15:45:00,224879,1175,,
01/10/2020,19:31:00,225656,1952,,
01/10/2020,22:03:00,225863,2159,,
01/10/2020,23:04:00,225937,2233,,
02/10/2020,08:52:00,226311,339,,
02/10/2020,10:16:00,226472,500,,
02/10/2020,19:00:00,227268,1296,,
02/10/2020,19:49:00,227325,1353,,
03/10/2020,08:46:00,227504,52,,
03/10/2020,10:24:00,227579,127,,
03/10/2020,16:35:00,228027,575,,
04/10/2020,07:21:00,228523,81,,
04/10/2020,14:15:00,228815,373,,
04/10/2020,16:42:00,228932,490,,
04/10/2020,17:15:00,228966,524,,
05/10/2020,09:32:00,229864,552,,
05/10/2020,15:08:00,230417,1105,,
05/10/2020,16:42:00,230581,1269,,
05/10/2020,17:58:00,230866,1554,,
05/10/2020,20:15:00,231331,2019,,
05/10/2020,20:45:00,231382,2070,,
06/10/2020,20:20:00,233595,2083,,
07/10/2020,09:31:00,234242,473,,
07/10/2020,15:37:00,235027,1258,,
07/10/2020,19:35:00,235893,2124,,
07/10/2020,20:08:00,236001,2232,,
08/10/2020,15:16:00,237362,1119,,
08/10/2020,19:00:00,238130,1887,,
08/10/2020,20:36:00,238409,2166,,
09/10/2020,08:39:00,238964,351,,
09/10/2020,09:40:00,239177,564,,
09/10/2020,15:45:00,239844,1231,,
09/10/2020,18:30:00,240406,1793,,
10/10/2020,11:40:00,241294,360,,
10/10/2020,16:00:00,241687,753,,
11/10/2020,16:47:00,242833,555,,
11/10/2020,16:50:00,242838,560,,
12/10/2020,18:10:00,244775,1605,,
12/10/2020,20:46:00,245216,2046,,
13/10/2020,13:36:00,246385,993,,
13/10/2020,17:23:00,246877,1485,,
13/10/2020,20:15:00,247466,2074,,
13/10/2020,21:09:00,247535,2143,,
14/10/2020,09:35:00,248101,470,,
14/10/2020,17:18:00,249151,1520,,
15/10/2020,16:02:00,251120,1190,,
15/10/2020,19:26:00,251814,1884,,
15/10/2020,20:51:00,251990,2060,,
15/10/2020,21:53:00,252033,2103,,
16/10/2020,08:36:00,252390,276,,
16/10/2020,14:02:00,253034,920,,
16/10/2020,18:54:00,253754,1640,,
16/10/2020,19:18:00,253818,1704,,
16/10/2020,21:35:00,254052,1938,,
17/10/2020,06:12:00,254210,40,,
17/10/2020,20:13:00,255231,1061,,
18/10/2020,14:47:00,255718,377,,
18/10/2020,15:41:00,255802,461,,
18/10/2020,16:41:00,255882,541,,
18/10/2020,17:34:00,255965,624,,
19/10/2020,18:26:00,257608,1356,,
20/10/2020,11:48:00,258477,500,,
20/10/2020,12:35:00,258554,577,,
20/10/2020,16:56:00,258950,973,,
20/10/2020,18:05:00,259159,1182,,
21/10/2020,07:26:00,259632,31,,
21/10/2020,14:18:00,260301,700,,
21/10/2020,19:30:00,260936,1335,,
22/10/2020,18:36:00,261966,825,,
22/10/2020,20:51:00,262181,1040,,
23/10/2020,19:36:00,263471,1249,,
24/10/2020,06:07:00,263640,6,,
24/10/2020,13:28:00,263971,337,,
25/10/2020,08:58:00,264725,37,,
26/10/2020,17:37:00,266260,857,,
26/10/2020,18:34:00,255427,1024,,
26/10/2020,,266427,1024,,
26/10/2020,19:46:00,266542,1139,,
27/10/2020,08:56:00,266863,209,,
27/10/2020,19:05:00,267855,1201,,
27/10/2020,19:27:00,267898,1244,,
28/10/2020,06:24:00,268086,13,,
28/10/2020,08:00:00,268149,76,,
28/10/2020,09:03:00,268311,238,,
29/10/2020,18:05:00,270723,1170,,
30/10/2020,12:49:00,271456,325,,
31/10/2020,11:28:00,272117,122,,
31/10/2020,13:28:00,272217,222,,
31/10/2020,19:33:00,272457,462,,
01/11/2020,17:54:00,272882,355,,
01/11/2020,18:07:00,272895,368,,
02/11/2020,06:32:00,273034,10,,
02/11/2020,11:36:00,273432,408,,
02/11/2020,15:57:00,273656,632,,
02/11/2020,18:16:00,273941,917,,
02/11/2020,19:23:00,274065,1041,,
03/11/2020,18:19:00,275126,964,,
03/11/2020,19:42:00,275253,1091,,
04/11/2020,06:17:00,275346,7,,
04/11/2020,11:31:00,275729,390,,
04/11/2020,12:27:00,275810,471,,
04/11/2020,15:20:00,275994,655,,
05/11/2020,17:37:00,277373,879,,
06/11/2020,08:27:00,277848,157,,
06/11/2020,08:54:00,277920,229,,
07/11/2020,19:41:00,279350,455,,
08/11/2020,18:26:00,279765,355,,
09/11/2020,18:20:00,280707,833,,
10/11/2020,06:28:00,280909,6,,
10/11/2020,11:40:00,281309,406,,
10/11/2020,13:34:00,281471,568,,
11/11/2020,10:27:00,282291,81,,
12/11/2020,16:06:00,283697,722,,
13/11/2020,11:37:00,284677,420,,
13/11/2020,12:07:00,284719,462,,
14/11/2020,22:22:00,286173,644,,
15/11/2020,14:21:00,286301,118,,
16/11/2020,16:39:00,287260,724,,
16/11/2020,17:15:00,287337,801,,
17/11/2020,20:59:00,288975,1280,,
18/11/2020,13:10:00,289572,552,,
19/11/2020,15:21:00,290976,659,,
19/11/2020,19:40:00,291474,1157,,
20/11/2020,17:57:00,292450,903,,
21/11/2020,17:56:00,293367,612,,
22/11/2020,18:25:00,294046,468,,
22/11/2020,18:38:00,294055,477,,
23/11/2020,06:27:00,294157,4,,
23/11/2020,11:39:00,294524,371,,
23/11/2020,15:42:00,294764,611,,
23/11/2020,18:17:00,295063,910,,
23/11/2020,19:46:00,295200,1047,,
24/11/2020,19:39:00,296479,1200,,
25/11/2020,16:38:00,297184,609,,
25/11/2020,19:01:00,297405,830,,
25/11/2020,19:47:00,297466,891,,
26/11/2020,18:20:00,298375,823,,
27/11/2020,16:56:00,299368,725,,
27/11/2020,19:02:00,299605,962,,
28/11/2020,00:28:00,299740,2,,
28/11/2020,09:15:00,299800,62,,
28/11/2020,10:22:00,299951,213,,
28/11/2020,10:36:00,300000,262,,
28/11/2020,10:58:00,300047,309,,
28/11/2020,11:04:00,300065,327,,
29/11/2020,06:30:00,300822,17,,
29/11/2020,17:06:00,301475,670,,
30/11/2020,16:39:00,302497,783,,
30/11/2020,18:45:00,302802,1088,,
01/12/2020,14:03:00,303531,558,,
02/12/2020,07:58:00,304269,80,,
02/12/2020,08:27:00,304330,141,,
02/12/2020,08:30:00,304337,148,,
02/12/2020,08:40:00,304358,169,,
02/12/2020,14:11:00,304848,659,,
03/12/2020,09:04:00,305767,265,,
03/12/2020,09:40:00,305836,334,,
03/12/2020,12:45:00,306023,521,,
03/12/2020,13:00:00,306035,533,,
03/12/2020,13:25:00,306069,567,,
03/12/2020,14:01:00,306115,613,,
04/12/2020,13:58:00,307392,531,,
04/12/2020,13:59:00,307392,531,,
05/12/2020,09:21:00,308009,54,,
05/12/2020,21:04:00,308888,933,,
06/12/2020,06:47:00,308951,33,,
06/12/2020,07:05:00,308951,33,,
06/12/2020,12:24:00,309142,224,,
06/12/2020,15:21:00,309300,382,,
07/12/2020,13:30:00,310173,526,,
07/12/2020,16:38:00,310343,696,,
08/12/2020,08:42:00,310940,184,,
09/12/2020,07:20:00,311846,31,,
09/12/2020,10:20:00,312155,340,,
09/12/2020,14:51:00,312500,685,,
09/12/2020,19:21:00,312934,1119,,
10/12/2020,20:28:00,313892,802,,
11/12/2020,12:03:00,314166,226,,
12/12/2020,13:18:00,314958,298,,
12/12/2020,17:04:00,315191,531,,
12/12/2020,18:00:00,315260,600,,
13/12/2020,06:50:00,315507,40,,
13/12/2020,10:50:00,315569,102,,
13/12/2020,11:00:00,315581,114,,
13/12/2020,15:22:00,315852,385,,
13/12/2020,17:38:00,316034,567,,
14/12/2020,08:25:00,316334,120,,
15/12/2020,08:28:00,317322,100,,
16/12/2020,10:13:00,318293,222,,
16/12/2020,11:44:00,318381,310,,
16/12/2020,11:58:00,318395,324,,
16/12/2020,12:12:00,318416,345,,
16/12/2020,13:49:00,318542,471,,
16/12/2020,14:14:00,318573,502,,
16/12/2020,14:26:00,318588,517,,
16/12/2020,15:46:00,318689,618,,
16/12/2020,17:38:00,318881,810,,
16/12/2020,19:45:00,319119,1048,,
17/12/2020,08:27:00,319282,79,,
17/12/2020,09:14:00,319339,136,,
17/12/2020,14:01:00,319556,353,,
17/12/2020,19:29:00,319960,757,,
18/12/2020,09:41:00,320224,142,,
18/12/2020,10:26:00,320246,164,,
18/12/2020,15:43:00,320536,454,,
18/12/2020,16:42:00,320636,554,,
18/12/2020,20:26:00,320998,916,,
19/12/2020,11:15:00,321189,138,,
19/12/2020,13:06:00,321282,231,,
19/12/2020,16:12:00,321507,456,,
20/12/2020,06:30:00,321810,15,,
20/12/2020,08:41:00,321820,25,,
21/12/2020,17:32:00,322851,622,,
21/12/2020,17:57:00,322893,664,,
21/12/2020,19:11:00,323005,776,,
22/12/2020,10:43:00,323261,172,,
22/12/2020,11:51:00,323320,231,,
22/12/2020,12:34:00,323357,268,,
23/12/2020,18:09:00,324478,496,,
24/12/2020,08:49:00,324702,62,,
24/12/2020,10:38:00,324794,154,,
24/12/2020,11:59:00,324851,211,,
25/12/2020,16:21:00,325323,120,,
25/12/2020,17:01:00,325345,142,,
26/12/2020,15:59:00,325679,254,,
27/12/2020,07:19:00,325846,5,,
27/12/2020,08:39:00,325856,15,,
27/12/2020,13:44:00,325975,134,,
28/12/2020,14:27:00,326395,254,,
28/12/2020,16:36:00,326478,337,,
29/12/2020,15:04:00,327000,313,,
29/12/2020,16:48:00,327106,419,,
30/12/2020,21:22:00,327961,623,,
31/12/2020,08:48:00,328035,57,,
31/12/2020,17:01:00,328401,423,,
01/01/2021,11:00:00,49,49,,
01/01/2021,12:26:00,85,85,,
01/01/2021,16:43:00,256,256,,
02/01/2021,06:01:00,382,1,,
02/01/2021,19:25:00,703,322,,
03/01/2021,06:46:00,764,10,,
03/01/2021,09:48:00,787,33,,
04/01/2021,13:57:00,1644,500,,
04/01/2021,16:39:00,1810,666,,
05/01/2021,08:26:00,2365,132,,
05/01/2021,14:04:00,2755,522,,
06/01/2021,09:45:00,3696,279,,
06/01/2021,12:26:00,3893,476,,
06/01/2021,17:34:00,4336,919,,
07/01/2021,09:52:00,4970,284,,
07/01/2021,13:27:00,5166,480,,
07/01/2021,20:51:00,5805,1119,,
08/01/2021,08:32:00,5976,138,,
08/01/2021,10:12:00,6137,299,,
08/01/2021,13:56:00,6358,520,,
08/01/2021,16:39:00,6543,705,,
09/01/2021,10:32:00,7118,98,,
09/01/2021,11:04:00,7158,138,,
09/01/2021,13:20:00,7298,278,,
09/01/2021,14:15:00,7348,328,,
09/01/2021,19:08:00,7603,583,,
10/01/2021,07:14:00,7715,5,,
10/01/2021,08:12:00,7720,10,,
10/01/2021,13:22:00,7885,175,,
11/01/2021,13:26:00,8691,478,,
11/01/2021,14:37:00,8775,562,,
11/01/2021,16:39:00,8921,708,,
12/01/2021,08:28:00,9549,137,,
12/01/2021,16:04:00,10064,652,,
12/01/2021,16:39:00,10134,722,,
13/01/2021,06:17:00,10632,6,,
13/01/2021,09:50:00,10913,287,,
13/01/2021,09:59:00,10938,312,,
13/01/2021,10:56:00,11006,380,,
13/01/2021,14:22:00,11299,673,,
13/01/2021,18:07:00,11666,1040,,
13/01/2021,18:43:00,11761,1135,,
14/01/2021,08:26:00,12116,147,,
14/01/2021,09:22:00,12274,305,,
14/01/2021,17:37:00,12904,935,,
14/01/2021,18:00:00,12949,980,,
14/01/2021,18:24:00,13018,1049,,
15/01/2021,08:30:00,13387,149,,
16/01/2021,09:48:00,14492,70,,
16/01/2021,10:32:00,14525,103,,
16/01/2021,14:38:00,14808,386,,
16/01/2021,15:30:00,14887,465,,
17/01/2021,07:01:00,15232,15,,
17/01/2021,09:35:00,15267,50,,
17/01/2021,16:10:00,15635,418,,
18/01/2021,08:29:00,16082,188,,
18/01/2021,10:17:00,16279,385,,
18/01/2021,16:15:00,16694,800,,
18/01/2021,16:39:00,16739,845,,
18/01/2021,18:00:00,17000,1106,,
19/01/2021,13:30:00,17847,617,,
19/01/2021,14:00:00,17903,673,,
19/01/2021,16:43:00,18126,896,,
19/01/2021,17:54:00,18379,1149,,
20/01/2021,09:42:00,18950,300,,
20/01/2021,12:14:00,19140,490,,
20/01/2021,13:56:00,19273,623,,
20/01/2021,14:18:00,19301,651,,
20/01/2021,14:57:00,19342,692,,
20/01/2021,15:25:00,19378,728,,
21/01/2021,08:32:00,20044,186,,
21/01/2021,17:45:00,20958,1100,,
21/01/2021,18:04:00,21040,1182,,
22/01/2021,08:37:00,21483,182,,
23/01/2021,16:25:00,23080,617,,
23/01/2021,17:20:00,23163,700,,
23/01/2021,18:26:00,23258,795,,
24/01/2021,07:38:00,23354,6,,
24/01/2021,10:38:00,23414,66,,
24/01/2021,11:53:00,23482,134,,
24/01/2021,12:18:00,23510,162,,
25/01/2021,08:32:00,24183,189,,
25/01/2021,17:02:00,24879,885,,
25/01/2021,17:52:00,25034,1040,,
26/01/2021,08:30:00,25493,182,,
26/01/2021,11:57:00,25803,492,,
26/01/2021,14:00:00,25990,679,,
26/01/2021,19:54:00,26690,1379,,
27/01/2021,09:47:00,27093,329,,
27/01/2021,12:16:00,27317,553,,
27/01/2021,13:47:00,27481,717,,
27/01/2021,14:18:00,27526,762,,
27/01/2021,15:15:00,27613,849,,
28/01/2021,08:08:00,28345,99,,
28/01/2021,08:32:00,28424,178,,
28/01/2021,09:31:00,28578,332,,
29/01/2021,07:35:00,29737,35,,
29/01/2021,11:43:00,30141,439,,
29/01/2021,14:00:00,30360,658,,
30/01/2021,10:13:00,31222,107,,
30/01/2021,10:53:00,31270,155,,
30/01/2021,10:57:00,31275,160,,
30/01/2021,13:59:00,31448,333,,
31/01/2021,13:30:00,32008,270,,
31/01/2021,16:29:00,32216,478,,
01/02/2021,12:14:00,32926,481,,
01/02/2021,14:01:00,33071,626,,
02/02/2021,16:27:00,34721,966,,
02/02/2021,16:41:00,34755,1000,,
02/02/2021,17:50:00,34976,1221,,
02/02/2021,18:24:00,35079,1324,,
03/02/2021,09:43:00,35673,345,,
03/02/2021,10:05:00,35715,387,,
03/02/2021,12:22:00,35903,575,,
03/02/2021,13:50:00,36070,742,,
03/02/2021,15:35:00,36238,910,,
04/02/2021,08:29:00,37049,183,,
04/02/2021,12:13:00,37426,560,,
04/02/2021,13:36:00,37569,703,,
05/02/2021,08:29:00,38504,151,,
05/02/2021,13:55:00,39011,658,,
06/02/2021,09:44:00,39922,78,,
06/02/2021,10:29:00,39965,121,,
06/02/2021,10:40:00,39978,134,,
06/02/2021,10:49:00,40000,156,,
06/02/2021,11:55:00,40069,225,,
06/02/2021,15:51:00,40373,529,,
06/02/2021,16:21:00,40398,554,,
07/02/2021,17:29:00,41188,506,,
08/02/2021,08:30:00,41540,170,,
08/02/2021,11:44:00,41825,455,,
08/02/2021,16:21:00,42177,807,,
09/02/2021,16:26:00,43532,937,,
09/02/2021,16:44:00,43568,973,,
09/02/2021,17:28:00,43728,1133,,
09/02/2021,21:14:00,44104,1509,,
10/02/2021,10:49:00,44590,457,,
10/02/2021,18:06:00,45433,1300,,
11/02/2021,19:37:00,47201,1518,,
12/02/2021,08:28:00,47479,140,,
12/02/2021,13:58:00,47980,641,,
12/02/2021,20:02:00,48453,1114,,
13/02/2021,10:23:00,48596,117,,
13/02/2021,11:13:00,48663,184,,
13/02/2021,14:08:00,48899,420,,
13/02/2021,15:40:00,49029,550,,
13/02/2021,16:28:00,49095,616,,
13/02/2021,17:37:00,49186,707,,
13/02/2021,17:51:00,49218,739,,
14/02/2021,10:32:00,49476,83,,
14/02/2021,15:00:00,49638,245,,
14/02/2021,15:05:00,49641,248,,
14/02/2021,15:20:00,49662,269,,
15/02/2021,14:12:00,50451,516,,
15/02/2021,19:31:00,50852,917,,
16/02/2021,08:16:00,50996,67,,
16/02/2021,17:00:00,51460,531,,
16/02/2021,17:05:00,51465,536,,
16/02/2021,19:52:00,51698,769,,
17/02/2021,16:15:00,52638,881,,
17/02/2021,20:23:00,53077,1320,,
18/02/2021,17:58:00,53709,570,,
19/02/2021,07:57:00,53963,68,,
19/02/2021,08:50:00,54053,158,,
19/02/2021,09:00:00,54081,186,,
19/02/2021,17:50:00,54769,874,,
20/02/2021,10:26:00,55119,99,,
20/02/2021,17:11:00,55496,476,,
20/02/2021,17:33:00,55520,500,,
21/02/2021,10:40:00,55746,71,,
21/02/2021,12:02:00,55815,140,,
21/02/2021,14:31:00,55930,255,,
22/02/2021,17:25:00,56674,422,,
23/02/2021,17:33:00,57578,742,,
24/02/2021,19:23:00,59027,1136,,
24/02/2021,19:54:00,59064,1173,,
25/02/2021,12:19:00,59599,436,,
25/02/2021,17:50:00,60184,1021,,
26/02/2021,16:11:00,61263,792,,
26/02/2021,17:43:00,61481,1010,,
26/02/2021,18:06:00,61534,1063,,
27/02/2021,06:23:00,61757,15,,
27/02/2021,10:12:00,61865,123,,
27/02/2021,10:26:00,61875,133,,
27/02/2021,10:57:00,61916,174,,
27/02/2021,10:59:00,61917,175,,
27/02/2021,14:00:00,62198,456,,
28/02/2021,16:30:00,63144,430,,
28/02/2021,17:45:00,63255,541,,
01/03/2021,14:12:00,64227,778,,
01/03/2021,15:51:00,64379,930,,
01/03/2021,18:21:00,64875,1426,,
02/03/2021,16:24:00,66154,1042,,
02/03/2021,16:43:00,66200,1088,,
02/03/2021,19:13:00,66662,1550,,
02/03/2021,22:40:00,66797,1685,,
03/03/2021,11:07:00,67337,532,,
03/03/2021,12:14:00,67455,650,,
03/03/2021,13:49:00,67630,825,,
03/03/2021,15:45:00,67805,1000,,
03/03/2021,19:57:00,68374,1569,,
04/03/2021,08:25:00,68660,187,,
04/03/2021,13:03:00,69155,682,,
04/03/2021,20:21:00,69983,1510,,
05/03/2021,10:47:00,70572,503,,
05/03/2021,15:39:00,71069,1000,,
05/03/2021,16:06:00,71130,1061,,
05/03/2021,17:11:00,71331,1262,,
05/03/2021,17:29:00,71397,1328,,
05/03/2021,17:46:00,71460,1391,,
05/03/2021,18:05:00,71525,1456,,
05/03/2021,19:08:00,71669,1600,,
05/03/2021,20:26:00,71740,1671,,
05/03/2021,23:16:00,71813,1744,,
06/03/2021,09:16:00,71895,81,,
06/03/2021,09:24:00,71910,96,,
06/03/2021,10:01:00,71948,134,,
06/03/2021,14:25:00,72377,563,,
06/03/2021,18:08:00,72761,947,,
07/03/2021,12:20:00,73146,233,,
07/03/2021,12:58:00,73267,324,,
07/03/2021,14:45:00,73319,406,,